Wavelength,Intensity
102.13075677752931,32826
104.26378915431815,36580
106.39607753693599,38754
108.52762214439281,40505
110.65842319564763,41094
112.78848090961583,40982
114.91779550516549,40342
117.04636720111557,40109
119.17419621623048,39244
121.30128276923824,38707
123.42762707881593,37719
125.55322936358607,37125
127.67808984213116,36556
129.80220873298458,36055
131.92558625462698,35300
134.04822262549715,34762
136.17011806398659,34381
138.29127278843589,34037
140.4116870171365,34126
142.53136096833805,33485
144.65029486023923,33859
146.76848891098962,33737
148.8859433386915,33451
151.00265836140716,34271
153.11863419714064,33572
155.233871063856,33212
157.3483691794645,33125
159.46212876183381,32949
161.57515002878426,32700
163.68743319808891,31890
165.79897848746805,31890
167.90978611459832,31287
170.01985629711453,30932
172.1291892525951,30558
174.23778519857296,30022
176.34564435254106,29508
178.45276693193409,29620
180.55915315414859,29492
182.66480323653013,28921
184.76971739637338,29069
186.87389585093115,29073
188.97733881741078,29252
191.08004651296687,29465
193.18201915470672,29642
195.28325695969397,29374
197.38376014494497,29921
199.48352892742696,29867
201.58256352405988,30000
203.6808641517182,30263
205.77843102722909,30477
207.87526436737244,30645
209.971364388879,30683
212.06673130843228,30519
214.16136534267571,30654
216.25526670819636,31016
218.34843562154128,30963
220.44087229920478,30602
222.53257695764114,30644
224.62354981325007,30831
226.71379108238943,30590
228.803300981368,30622
230.89207972644908,30550
232.98012753384864,30639
235.06744461972994,30511
237.15403120022347,30954
239.23988749139789,30901
241.32501370928549,31009
243.40941006986395,31511
245.49307678906735,31152
247.57601408278424,31694
249.65822216685956,31347
251.7397012570782,31357
253.82045156919776,31023
255.90047331891037,30697
257.97976672187542,30129
260.0583319936959,29833
262.13616934993479,29668
264.21327900610231,29114
266.28966117766868,28694
268.365316080055,28334
270.44024392862957,27659
272.51444493872623,27396
274.58791932561871,26747
276.6606673045444,26472
278.73268909068975,26257
280.80398489919935,25822
282.87455494516144,25666
284.94439944362239,25237
287.01351860958675,25423
289.08191265800997,25290
291.14958180379654,25014
293.21652626181094,25339
295.28274624686492,25608
297.34824197372836,25663
299.4130136571257,25862
301.47706151172861,25981
303.54038575217055,26446
305.60298659302862,26591
307.66486424884351,27005
309.726018934105,27807
311.78645086325014,28715
313.84616025068681,29693
315.90514731075928,30192
317.96341225777542,30750
320.02095530598854,31135
322.07777666961556,30477
324.13387656282066,30623
326.18925519972254,29707
328.24391279439442,29037
330.29784956086587,28503
332.35106571311189,27642
334.40356146507474,26885
336.45533703063666,26356
338.50639262363984,25784
340.55672845788285,25429
342.60634474711696,25183
344.6552417050425,25148
346.70341954531978,24957
348.75087848155817,24552
350.79761872732342,24691
352.84364049613396,24897
354.88894400146637,24955
356.93352945674451,24929
358.97739707534856,25310
361.02054707061689,25549
363.06297965583872,25792
365.10469504425419,25942
367.14569344906158,26609
369.1859750834119,27161
371.22554016041249,27509
373.26438889311794,27904
375.30252149454464,27890
377.33993817765986,28312
379.37663915538542,28342
381.412624640594,28569
383.44789484612011,28869
385.48244998474183,29329
387.51629026920273,29689
389.54941591218812,30730
391.58182712635062,31440
393.61352412428823,32668
395.64450711855534,34181
397.67477632166083,34858
399.70433194606994,36107
401.733174204197,36718
403.76130330841443,38525
405.78871947104744,40212
407.81542290437756,42351
409.841413820639,45031
411.86669243202232,47414
413.89125895066718,49247
415.91511358867319,49800
417.93825655808723,49548
419.96068807092524,48972
421.98240833913769,48427
424.00341757464594,47126
426.02371598931677,45870
428.04330379497151,44733
430.06218120339327,44022
432.08034842631241,43328
434.09780567541384,42806
436.11455316234424,42952
438.13059109869209,43609
440.14591969601497,45269
442.16053916581404,47655
444.17444971954865,50349
446.18765156863265,52473
448.20014492443624,53741
450.21192999828418,54676
452.22300700144842,54269
454.2333761451664,53566
456.24303764062279,51865
458.25199169895859,50443
460.26023853127117,48951
462.26777834861241,47806
464.27461136198326,47854
466.2807377823483,48737
468.28615782061934,51251
470.29087168766637,54810
472.29487959431572,58776
474.29818175134278,62546
476.30077836948112,64629
478.30266965942246,65396
480.3038558318076,63802
482.30433709723366,59904
484.30411366625594,55316
486.30318574937883,49850
488.301553557063,44533
490.299217299731,40007
492.296177187749,35936
494.29243343144481,33351
496.28798624110459,31959
498.28283582695985,31794
500.27698239920028,31698
502.27042616797735,31370
504.26316734338616,30899
506.25520613548724,29688
508.246542754292,28462
510.23717740976281,27771
512.22711031182189,26808
514.21634167034244,25689
516.20487169515764,25378
518.19270059605333,25075
520.17982858276991,24506
522.16625586500231,24224
524.1519826524,23588
526.13700915457048,23118
528.121335581076,22805
530.10496214142768,22440
532.08788904510038,22375
534.07011650151981,22229
536.05164472006436,22236
538.03247391007244,21793
540.01260428083333,21578
541.99203604159629,21718
543.97076940156148,21212
545.9488045698854,21143
547.92614175568087,20974
549.90278116801164,21271
551.878723015905,21348
553.8539675083357,21397
555.82851485423453,22286
557.80236526249246,22613
559.77551894195312,23606
561.74797610141286,24839
563.71973694962435,26147
565.69080169530025,26737
567.6611705471023,27272
569.63084371365039,27586
571.59982140352076,27237
573.56810382524236,27018
575.53569118730047,27552
577.50258369813491,28158
579.4687815661473,29849
581.434284999681,31734
583.39909420705044,33954
585.36320939651523,34412
587.32663077628968,33010
589.28935855455165,30805
591.25139293942993,28731
593.212734139006,26790
595.17338236132127,25660
597.13333781437177,24641
599.09260070610253,24356
601.05117124442586,23512
603.00904963720131,23132
604.96623609224662,22666
606.92273081733219,22058
608.87853402018482,21545
610.83364590849487,21170
612.78806668989455,20634
614.74179657198147,20363
616.694835762306,19809
618.64718446837651,19759
620.59884289764886,19908
622.54981125754421,20325
624.5000897554346,21299
626.44967859865028,22452
628.398577994476,23235
630.34678815014377,23749
632.2943092728583,23853
634.2411415697643,23107
636.18728524797189,22302
638.13274051454573,21254
640.07750757649956,20381
642.02158664081071,19894
643.96497791440561,19134
645.90768160417247,18784
647.84969791695221,18544
649.7910270595421,18060
651.73166923869394,18011
653.67162466111768,18149
655.61089353347779,17934
657.54947606239148,17984
659.48737245443772,18225
661.42458291614639,18573
663.361107654011,18717
665.29694687447045,19522
667.23210078392367,19767
669.16656958872954,20152
671.10035349519421,20902
673.03345270959289,22054
674.9658674381426,23253
676.89759788702213,23455
678.82864426236847,23181
680.75900677027312,22486
682.68868561678391,21787
684.61768100790141,21375
686.545993149588,20656
688.47362224775679,19737
690.4005685082775,19199
692.32683213697783,18433
694.25241333964186,17782
696.17731232200822,17650
698.10152928977186,17209
700.02506444858591,16896
701.94791800405255,17015
703.87009016174125,17006
705.79158112716686,17076
707.71239110580791,16997
709.63252030309559,17298
711.55196892441563,17416
713.47073717511739,17745
715.38882526049383,17938
717.306233385807,18003
719.222961756268,18722
721.13901057704243,18703
723.05438005325959,18614
724.9690703899978,18355
726.88308179229352,18088
728.79641446514506,17634
730.709068613498,17564
732.6210444422577,17616
734.53234215628981,17681
736.44296196041068,17980
738.35290405939486,18103
740.262168657975,18255
742.17075596083851,18373
744.0786661726288,18835
745.985899497944,18590
747.89245614134234,18249
749.7983363073381,17987
751.70354020039667,17840
753.608068024947,17669
755.51191998536888,17467
757.41509628599852,17451
759.3175971311357,17353
761.21942272502929,17536
763.12057327188631,17778
765.021048975872,18251
766.92085004110049,18638
768.81997667165888,19368
770.71842907157043,19680
772.61620744482934,20383
774.51331199538618,20088
776.4097429271369,19642
778.30550044393931,19121
780.20058474961661,18303
782.09499604793564,17801
783.98873454262684,17590
785.881800437377,17229
787.77419393582386,17433
789.66591524156865,17240
791.55696455816542,17211
793.44734208912814,17510
795.33704803791989,17654
797.226082607971,17500
799.11444600265713,17743
801.00213842532139,17663
802.889160079254,17584
804.77551116771065,17559
806.6611918938961,17475
808.54620246097511,17534
810.43054307206876,17174
812.31421393025994,16868
814.19721523857334,17022
816.07954720000816,16848
817.96121001751089,16709
819.84220389398433,16600
821.7225290322931,16825
823.60218563525268,16863
825.48117390563857,16946
827.35949404618259,17164
829.23714625957109,17264
831.114130748454,17673
832.99044771543049,17548
834.86609736305945,17972
836.74107989385629,18275
838.61539551029637,18285
840.48904441480408,18886
842.3620268097693,19039
844.23434289753459,19503
846.10599288039884,19327
847.97697696061914,18599
849.84729534040889,17969
851.71694822193967,17701
853.58593580733577,17504
855.45425829868509,17435
857.32191589802824,17400
859.18890880736217,17604
861.055237228642,17626
862.920901363781,17538
864.785901414647,17471
866.650237583066,17458
868.5139100708202,17182
870.37691907965382,17042
872.23926481125818,17189
874.10094746728828,17358
875.96196724935908,17409
877.82232435903279,17287
879.6820189978389,17618
881.54105136725957,17496
883.3994216687297,17563
885.2571301036478,17440
887.11417687336871,17489
888.9705621792,17370
890.82628622241282,17379
892.68134920422563,17252
894.53575132582409,17375
896.38949278834662,17415
898.24257379288974,17222
900.09499454050638,17358
901.94675523220212,17301
903.79785606894984,17166
905.64829725166965,17330
907.49807898124709,17356
909.34720145851861,17500
911.19566488428245,17693
913.04346945928773,17930
914.89061538424721,17971
916.73710285982816,18613
918.58293208665782,18971
920.42810326531435,19543
922.2726165963395,19900
924.11647228022775,20261
925.95967051743537,19858
927.80221150837133,19563
929.64409545340459,19590
931.48532255286409,19017
933.32589300702784,19117
935.16580701613748,18725
937.0050647803946,18694
938.84366649994809,18721
940.681612374914,18938
942.51890260536129,18889
944.35553739131319,19339
946.19151693275853,20066
948.02684142964063,20577
949.8615110818555,21247
951.695526089261,22087
953.52888665166756,22070
955.36159296884944,21951
957.19364524053526,21618
959.02504366641,21476
960.85578844612064,21390
962.68587977926109,20404
964.51531786539817,19631
966.3441029040423,18588
968.17223509466749,17673
969.99971463670954,17041
971.8265417295479,16874
973.6527165725347,16866
975.478239364973,16397
977.30311030612211,16759
979.12732959519963,16876
980.95089743138669,16863
982.7738140138099,17336
984.5960795415649,17360
986.41769421369645,17889
988.23865822921471,17692
990.05897178707892,17755
991.8786350862174,17379
993.69764832550027,17327
995.51601170377216,17127
997.33372541982317,17292
999.150789672407,17349
1000.9672046602263,17882
1002.7829705819568,18404
1004.5980876362191,19219
1006.4125560215962,19490
1008.2263759366269,18997
1010.0395475798105,18768
1011.8520711495985,18303
1013.66394684441,18368
1015.4751748626113,18180
1017.2857554025341,18092
1019.0956886624608,18066
1020.9049748406396,17868
1022.7136141352657,17645
1024.5216067445053,17447
1026.32895286647,17307
1028.1356526992349,17542
1029.941706440839,17712
1031.7471142892664,17380
1033.5518764424669,17582
1035.3559930983465,17558
1037.1594644547658,17718
1038.9622907095527,17874
1040.764472060484,17625
1042.5660087052929,17387
1044.3669008416782,16847
1046.1671486672913,17070
1047.966752379747,16604
1049.7657121766042,16633
1051.5640282553995,16807
1053.3617008136116,16748
1055.1587300486844,16853
1056.9551161580184,16938
1058.7508593389648,17023
1060.5459597888512,16999
1062.3404177049433,17383
1064.1342332844742,17418
1065.9274067246315,17504
1067.71993822257,17939
1069.511827975386,18356
1071.3030761801492,18915
1073.093683033876,19475
1074.883648733552,20314
1076.6729734761066,21381
1078.4616574584416,22704
1080.249700877408,23969
1082.037103929817,25203
1083.8238668124377,26492
1085.6099897219992,26825
1087.3954728551835,27198
1089.1803164086359,26733
1090.9645205789548,26608
1092.7480855627073,26452
1094.5310115564025,26575
1096.3132987565186,27064
1098.09494735949,27934
1099.8759575617096,29195
1101.6563295595279,29436
1103.4360635492485,29177
1105.2151597271386,28521
1106.9936182894235,27098
1108.7714394322848,25911
1110.5486233518641,24248
1112.3251702442594,22961
1114.1010803055287,21744
1115.876353731679,20854
1117.6509907186919,19871
1119.4249914624979,19201
1121.1983561589841,18984
1122.9710850039919,18861
1124.7431781933392,19101
1126.5146359227801,19045
1128.2854583880435,19865
1130.0556457848033,20235
1131.8251983087011,20750
1133.5941161553328,20973
1135.3623995202543,20860
1137.1300485989777,20691
1138.8970635869755,20753
1140.6634446796743,20236
1142.4291920724681,20211
1144.1943059606965,20145
1145.9587865396679,19871
1147.7226340046436,19881
1149.4858485508448,19788
1151.2484303734527,19904
1153.0103796676012,20235
1154.7716966283897,20752
1156.532381450872,21255
1158.2924343300583,22579
1160.0518554609207,21687
1161.8106450383893,22202
1163.5688032573526,22622
1165.326330312655,23054
1167.0832263991015,23844
1168.8394917114547,24004
1170.5951264444357,24811
1172.3501307927236,25544
1174.1045049509594,26056
1175.8582491137331,26778
1177.6113634756075,27438
1179.3638482310889,28334
1181.1157035746528,28952
1182.8669297007273,29491
1184.6175268037041,30292
1186.3674950779241,30842
1188.1168347176972,31717
1189.8655459172878,32491
1191.6136288709185,33555
1193.3610837727647,34868
1195.1079108169706,36808
1196.8541101976352,37536
1198.599682108812,38603
1200.3446267445142,39724
1202.0889442987191,38968
1203.8326349653544,38912
1205.5756989383153,38188
1207.3181364114462,37922
1209.0599475785566,37626
1210.8011326334145,38734
1212.5416917697403,38859
1214.2816251812219,39227
1216.0209330614962,38684
1217.7596156041636,37722
1219.4976730027865,35995
1221.2351054508817,33917
1222.9719131419261,32197
1224.7080962693508,30560
1226.4436550265491,29112
1228.1785896068759,28192
1229.9129002036443,27858
1231.6465870101147,28146
1233.37965021952,28041
1235.1120900250462,28850
1236.8439066198425,29644
1238.5751001970075,30442
1240.305670949605,30978
1242.0356190706552,31785
1243.7649447531385,32538
1245.4936481899949,33051
1247.2217295741193,33405
1248.94918909837,33329
1250.6760269555598,33731
1252.4022433384616,33537
1254.127838439812,33068
1255.8528124522927,32472
1257.5771655685621,32323
1259.3008979812239,31833
1261.0240098828472,31192
1262.7465014659574,30734
1264.4683729230383,30350
1266.1896244465315,29468
1267.9102562288426,29016
1269.6302684623315,28404
1271.3496613393145,27678
1273.0684350520751,27142
1274.7865897928477,26395
1276.5041257538287,25869
1278.2210431271742,25317
1279.9373421049968,24985
1281.6530228793672,24782
1283.3680856423198,24501
1285.0825305858452,24322
1286.7963579018906,24505
1288.5095677823629,24669
1290.2221604191345,25016
1291.9341360040253,25257
1293.6454947288203,26057
1295.3562367852664,26663
1297.0663623650617,27701
1298.7758716598728,28893
1300.4847648613159,29921
1302.1930421609686,30744
1303.9007037503743,31073
1305.6077498210234,31082
1307.3141805643772,31430
1309.0199961718481,31447
1310.72519683481,31285
1312.4297827445989,32041
1314.1337540924997,32262
1315.8371110697681,32879
1317.5398538676109,33244
1319.2419826772002,34769
1320.9434976896591,35916
1322.6443990960779,37466
1324.3446870874996,39111
1326.0443618549307,41132
1327.7434235893306,42955
1329.441872481626,44679
1331.1397087226978,46003
1332.8369325033891,47689
1334.5335440144954,48830
1336.2295434467724,50108
1337.9249309909446,50082
1339.6197068376878,49303
1341.3138711776337,47323
1343.0074242013798,45414
1344.7003660994778,42358
1346.392697062447,40253
1348.0844172807538,38242
1349.775526944828,36919
1351.4660262450652,36058
1353.1559153718117,35520
1354.8451945153793,35368
1356.5338638660305,35141
1358.2219236139917,35161
1359.9093739494547,34125
1361.5962150625619,33657
1363.2824471434142,32895
1364.9680703820814,31974
1366.6530849685805,30899
1368.3374910928942,29861
1370.0212889449631,29295
1371.7044787146879,28367
1373.3870605919292,27939
1375.0690347665022,28110
1376.7504014281876,28072
1378.4311607667187,28525
1380.1113129717942,28801
1381.7908582330656,29472
1383.4697967401535,30456
1385.1481286826256,31522
1386.8258542500171,32542
1388.5029736318174,33837
1390.1794870174836,34585
1391.8553945964159,35771
1393.5306965579948,36641
1395.2053930915445,38038
1396.8794843863543,38710
1398.5529706316702,38900
1400.2258520167015,39217
1401.8981287306069,38857
1403.569800962523,38544
1405.2408689015247,38134
1406.9113327366631,37531
1408.5811926569349,37194
1410.2504488513077,36935
1411.9191015087,36553
1413.5871508179953,36111
1415.2545969680341,36056
1416.9214401476111,35498
1418.5876805454936,35008
1420.2533183503947,34444
1421.9183537509925,33699
1423.5827869359273,33440
1425.2466180937918,32765
1426.9098474131442,32443
1428.5724750824993,32352
1430.2345012903297,32064
1431.8959262250737,32184
1433.5567500751204,32307
1435.2169730288242,32799
1436.8765952744998,33317
1438.5356170004161,33875
1440.194038394804,34553
1441.8518596458543,34901
1443.5090809417161,36182
1445.1657024705019,36678
1446.821724420277,37626
1448.4771469790703,39115
1450.1319703348727,40253
1451.7861946756238,41090
1453.43982018924,42480
1455.092847063579,43661
1456.745275486468,44535
1458.397105645694,45397
1460.048337729002,46028
1461.6989719240973,46131
1463.349008418636,46164
1464.9984474002467,45786
1466.647289056511,44620
1468.2955335749702,43990
1469.9431811431241,42410
1471.5902319484358,41088
1473.2366861783248,39768
1474.8825440201726,38618
1476.5278056613188,37529
1478.1724712890591,35880
1479.8165410906549,35181
1481.4600152533239,34594
1483.102893964242,34083
1484.7451774105484,33487
1486.3868657793391,33566
1488.027959257668,33260
1489.6684580325582,33743
1491.3083622909799,34092
1492.9476722198688,34836
1494.586388006117,36014
1496.2245098365856,36796
1497.862037898085,38332
1499.4989723773833,39693
1501.1353134612236,40250
1502.7710613362906,41009
1504.4062161892416,41370
1506.0407782066868,41909
1507.6747475751963,42100
1509.3081244813056,42508
1510.9409091115012,42589
1512.573101652235,42056
1514.2047022899187,41944
1515.8357112109188,41661
1517.4661286015707,40086
1519.095954648159,38958
1520.7251895369336,37843
1522.3538334541045,36268
1523.9818865858379,35395
1525.6093491182619,34359
1527.2362212374665,33528
1528.8625031294996,32284
1530.4881949803621,31757
1532.1132969760256,31320
1533.7378093024181,30776
1535.361732145424,30499
1536.9850656908875,29999
1538.6078101246167,29604
1540.2299656323758,29075
1541.8515323998909,28805
1543.4725106128481,28452
1545.0929004568898,28090
1546.7127021176184,27926
1548.3319157806054,27722
1549.9505416313677,27694
1551.5685798553932,27503
1553.1860306381222,27749
1554.8028941649609,28012
1556.4191706212732,28125
1558.0348601923797,28213
1559.6499630635626,29040
1561.264479420066,29372
1562.8784094470902,29639
1564.4917533297994,29722
1566.1045112533193,30235
1567.7166834027212,30272
1569.3282699630581,30765
1570.939271119325,30927
1572.5496870564821,31445
1574.1595179594569,32082
1575.7687640131262,32588
1577.3774254023301,34058
1578.9855023118707,35161
1580.5929949265083,37098
1582.1999034309647,39564
1583.8062280099184,42856
1585.4119688480096,45910
1587.01712612984,49932
1588.6217000399665,53928
1590.2256907629162,57337
1591.8290984831583,60723
1593.431923385142,62840
1595.03416565326,63819
1596.635825471878,63742
1598.2369030253085,62384
1599.8373984978352,60401
1601.4373120736982,58065
1603.0366439370955,54991
1604.6353942721853,52319
1606.2335632630857,49482
1607.8311510938784,46895
1609.4281579486014,44753
1611.0245840112548,43467
1612.6204294657946,42448
1614.2156944961425,41890
1615.8103792861766,41786
1617.404484019733,42623
1618.9980088806151,43198
1620.5909540525772,44136
1622.1833197193428,44338
1623.775106064586,43519
1625.3663132719485,42268
1626.956941525028,40929
1628.5469910073825,38523
1630.1364619025335,36677
1631.7253543939569,34627
1633.3136686650905,33123
1634.9014048993376,31918
1636.488563280056,31280
1638.0751439905616,30856
1639.6611472141376,29930
1641.2465731340162,29453
1642.8314219334043,29313
1644.4156937954558,29047
1645.9993889032921,28768
1647.5825074399909,28331
1649.1650495885915,27892
1650.7470155320952,27717
1652.3284054534615,27712
1653.9092195356079,27241
1655.4894579614138,27000
1657.069120913724,26738
1658.6482085753287,26095
1660.2267211289964,25624
1661.8046587574445,25181
1663.3820216433523,24762
1664.9588099693592,24171
1666.5350239180661,23132
1668.110663672036,22688
1669.6857294137862,22326
1671.2602213257996,21802
1672.8341395905136,21336
1674.4074843903345,20876
1675.9802559076179,20520
1677.5524543246884,20548
1679.1240798238287,20136
1680.695132587276,20058
1682.265612797235,20133
1683.8355206358683,19805
1685.4048562852968,20020
1686.9736199275994,20141
1688.5418117448262,19849
1690.1094319189724,19871
1691.6764806320007,19609
1693.2429580658427,19037
1694.8088644023737,19071
1696.3741998234382,18672
1697.9389645108422,18869
1699.5031586463501,18291
1701.0667824116772,18153
1702.6298359885204,18041
1704.1923195585168,17958
1705.7542333032707,17823
1707.3155774043516,17688
1708.8763520432785,17756
1710.4365574015428,18062
1711.9961936605869,18107
1713.5552610018149,18205
1715.1137596065983,17976
1716.6716896562575,18131
1718.2290513320804,17992
1719.7858448153165,18346
1721.3420702871736,18193
1722.8977279288156,17911
1724.4528179213703,17995
1726.007340445929,17542
1727.5612956835412,17652
1729.1146838152054,17654
1730.6675050219019,17430
1732.2197594845547,17399
1733.7714473840515,17260
1735.3225689012488,17289
1736.873124216947,17228
1738.4231135119244,17228
1739.9725369669104,17377
1741.5213947625907,17609
1743.0696870796237,17889
1744.6174140986168,17768
1746.1645760001411,17700
1747.7111729647313,17671
1749.2572051728803,17825
1750.8026728050409,17449
1752.3475760416259,17345
1753.8919150630081,17334
1755.4356900495204,17360
1756.978901181461,16979
1758.5215486390844,17181
1760.0636326026051,16969
1761.6051532521924,17390
1763.1461107679916,17329
1764.6865053300953,17266
1766.2263371185563,17320
1767.7656063133982,17020
1769.3043130945953,17402
1770.8424576420857,17406
1772.3800401357657,17304
1773.9170607554988,17325
1775.4535196810994,17365
1776.9894170923471,17266
1778.5247531689856,16942
1780.0595280907146,16997
1781.5937420371883,16904
1783.1273951880376,16935
1784.6604877228383,16955
1786.1930198211321,17065
1787.7249916624241,16822
1789.2564034261741,16921
1790.7872552918088,16996
1792.3175474387099,17230
1793.8472800462241,17200
1795.376453293653,17599
1796.9050673602633,17117
1798.43312242528,17249
1799.9606186678902,17172
1801.4875562672387,16989
1803.0139354024359,16978
1804.5397562525486,16966
1806.0650189966018,16799
1807.5897238135876,16663
1809.113870882451,16531
1810.6374603821059,16491
1812.1604924914209,16663
1813.6829673892244,16771
1815.2048852543103,17085
1816.7262462654271,17032
1818.2470506012905,17094
1819.7672984405726,17207
1821.2869899619036,17192
1822.8061253438791,17026
1824.3247047650511,17001
1825.842728403939,16987
1827.3601964390145,16717
1828.8771090487153,16643
1830.3934664114349,16638
1831.9092687055327,16221
1833.424516109324,16344
1834.9392088010936,16121
1836.4533469590679,16449
1837.9669307614568,16112
1839.4799603864139,16259
1840.992436012064,16259
1842.5043578164823,16332
1844.0157259777152,16530
1845.5265406737653,16582
1847.03680208259,16618
1848.546510382117,16614
1850.0556657502275,16487
1851.5642683647657,16518
1853.0723184035396,16323
1854.5798160443119,16191
1856.0867614648105,16140
1857.5931548427197,15929
1859.0989963556895,16013
1860.6042861813276,15705
1862.109024497202,15651
1863.6132114808388,15651
1865.1168473097368,15526
1866.6199321613367,15847
1868.1224662130553,15757
1869.6244496422623,15775
1871.1258826262911,16043
1872.6267653424347,16131
1874.1270979679466,16172
1875.6268806800417,16027
1877.1261136558933,16268
1878.62479707264,16070
1880.122931107373,16224
1881.6205159371584,16199
1883.1175517390038,16182
1884.6140386898951,16009
1886.1099769667671,16010
1887.6053667465185,15801
1889.1002082060149,15530
1890.594501522075,15796
1892.0882468714808,15643
1893.5814444309708,15314
1895.0740943772544,15569
1896.5661968869917,15608
1898.0577521368104,15477
1899.5487603032925,15872
1901.0392215629818,15996
1902.5291360923948,16237
1904.0185040679862,15901
1905.5073256661963,16222
1906.995601063405,16177
1908.4833304359654,16483
1909.9705139601901,16172
1911.4571518123448,16156
1912.9432441686677,15960
1914.4287912053478,15914
1915.913793098538,15747
1917.3982500243492,15769
1918.8821621588631,15668
1920.3655296781126,15494
1921.8483527580938,15717
1923.330631574765,15766
1924.8123663040406,15745
1926.2935571218022,15513
1927.7742042038881,15894
1929.2543077260998,15867
1930.7338678641954,15835
1932.2128847938984,15672
